{
"relrmse": {
"set": {
"V": 0.0645273164636523,
"E": 5.999647372725545e-6,
"F": 0.05522983145050186
},
"FLD_TiAl": {
"V": 0.06912691657745726,
"E": 6.092390033409295e-6,
"F": 0.038889496514704684
},
"TiAl_T5000": {
"V": 0.013120747085462067,
"E": 3.1503068368546e-8,
"F": 0.055573164874643435
}
},
"rmse": {
"set": {
"V": 0.06584770041370314,
"E": 0.00511130474312648,
"F": 0.19883049894022778
},
"FLD_TiAl": {
"V": 0.06668391363412933,
"E": 0.005190552341881289,
"F": 0.03767559887623341
},
"TiAl_T5000": {
"V": 0.028098570078453906,
"E": 2.6799302986546536e-5,
"F": 0.24205500529402085
}
}
}
